{
    "epoch": 24,
    "accuracy": 0.96,
    "f1_score": 0.9587628865979381,
    "auc": 0.9597689292345782
}
